epoch,global_step,drift_pct,P_sink,E_src,residual,dTWC_dt,P_ratio
16,2401,22.9082,14057000000.0,-17275250000.0,3220875000.0,-2295000.0,1.229082
16,2451,0.11524999999999999,17467500000.0,-17237500000.0,17595400.0,-247822500.0,1.0011525
16,2501,1.9728750000000002,17242000000.0,-17499750000.0,339450000.0,-81976250.0,1.01972875
17,2551,4.086325,18096500000.0,-17643250000.0,738477500.0,-1191812500.0,1.04086325
17,2601,-1.78245,17844250000.0,-17400250000.0,-318107500.0,-125503925.0,0.9821755
17,2651,0.615425,17274750000.0,-17214250000.0,107600250.0,-168269250.0,1.00615425
18,2701,-2.078825,17694500000.0,-17350750000.0,-366610000.0,22659150.0,0.97921175
18,2751,0.03672500000000001,17351500000.0,-17281500000.0,3425000.0,-73598000.0,1.00036725
18,2801,-2.360775,17549500000.0,-17171250000.0,-413860000.0,35670000.0,0.97639225
19,2851,-1.5595,17591750000.0,-17542000000.0,-270862500.0,221373250.0,0.984405
19,2901,0.4699,17401250000.0,-17611000000.0,81202000.0,128640000.0,1.004699
19,2951,0.151925,17206250000.0,-17309500000.0,26501832.5,76852900.0,1.00151925
20,3001,-1.493525,17141000000.0,-17106000000.0,-259690000.0,224668250.0,0.98506475
20,3051,-2.7932,17338750000.0,-17230500000.0,-483637500.0,375505250.0,0.972068
20,3101,-0.614225,17281750000.0,-17051750000.0,-105326000.0,-124999000.0,0.99385775
21,3151,-0.364625,17049250000.0,-17058000000.0,-63340750.0,71892250.0,0.9963537499999999
21,3201,1.014625,17228000000.0,-17357500000.0,173391250.0,-43681000.0,1.01014625
21,3251,0.19827499999999998,17044250000.0,-17025750000.0,34321400.0,-52927000.0,1.00198275
22,3301,0.3289,17894750000.0,-17674750000.0,56075000.0,-276182000.0,1.003289
22,3351,-0.450825,17407250000.0,-17577250000.0,-77687000.0,247880750.0,0.99549175
22,3401,0.006649999999999999,17320250000.0,-17385750000.0,2208687.5,63025000.0,1.0000665
23,3451,-1.046225,17075250000.0,-17224500000.0,-177817500.0,327075000.0,0.98953775
23,3501,-1.149125,17101000000.0,-17259750000.0,-204757500.0,363750000.0,0.98850875
23,3551,-0.04465000000000002,17200250000.0,-17352500000.0,-12407250.0,164591850.0,0.9995535
24,3601,0.032174999999999995,17027250000.0,-17126000000.0,4779250.0,93791000.0,1.00032175
24,3651,-1.987525,17189000000.0,-17072750000.0,-337162500.0,221355000.0,0.98012475
24,3701,0.049699999999999994,17139250000.0,-17277750000.0,9665000.0,128640000.0,1.000497
25,3751,-0.134875,17184000000.0,-17177000000.0,-25276550.0,18205000.0,0.99865125
25,3801,0.40725,17140250000.0,-17492000000.0,65298000.0,286464000.0,1.0040725
25,3851,0.18485,17356750000.0,-17336250000.0,35742775.0,-56236250.0,1.0018485
26,3901,-1.3902999999999999,17261500000.0,-17386750000.0,-243117500.0,368447500.0,0.986097
26,3951,-1.262175,17098250000.0,-17276750000.0,-216959250.0,395177750.0,0.98737825
26,4001,-1.1378,17393250000.0,-17587750000.0,-197585000.0,392157500.0,0.988622
27,4051,0.0666,17126750000.0,-17181250000.0,9204705.0,45189600.0,1.000666
27,4101,0.5965750000000001,17371750000.0,-17601250000.0,100574500.0,129104500.0,1.00596575
27,4151,-1.05315,17077750000.0,-17396000000.0,-182272500.0,500105000.0,0.9894685
28,4201,-0.186375,17265000000.0,-17372500000.0,-29984250.0,137222250.0,0.99813625
28,4251,0.41032500000000005,17319500000.0,-17403250000.0,68494500.0,15153000.0,1.00410325
28,4301,0.11979999999999999,17344500000.0,-17411750000.0,21508550.0,46106000.0,1.001198
29,4351,0.19162499999999996,16758250000.0,-16972250000.0,33192775.0,180685000.0,1.0019162499999998
29,4401,0.078525,17120500000.0,-17169000000.0,10139050.0,38452500.0,1.00078525
29,4451,-0.017249999999999988,17167250000.0,-17509000000.0,219500.0,341315000.0,0.9998275
30,4501,0.80865,17102750000.0,-17258750000.0,138422500.0,17665500.0,1.0080865
30,4551,-0.6288250000000001,17282750000.0,-17555500000.0,-109138000.0,382020000.0,0.9937117500000001
30,4601,-0.49515,16985250000.0,-16979250000.0,-85503350.0,79682500.0,0.9950485
31,4651,-0.57205,17241000000.0,-17370000000.0,-99954750.0,228734000.0,0.9942795
31,4701,-0.6168,17173750000.0,-17272750000.0,-106235500.0,205130500.0,0.993832
31,4751,0.994725,17440250000.0,-17394250000.0,173150500.0,-219232750.0,1.00994725
32,4801,0.07064999999999999,17300500000.0,-17368000000.0,6632250.0,60780250.0,1.0007065
32,4851,-0.25780000000000003,17212750000.0,-17272750000.0,-44465000.0,104355000.0,0.997422
32,4901,-1.02665,17291500000.0,-17325000000.0,-173182250.0,206620000.0,0.9897335
33,4951,0.60565,17190000000.0,-17357250000.0,105985750.0,61143750.0,1.0060565
33,5001,1.015825,16924750000.0,-17089250000.0,168868575.0,-4092500.0,1.01015825
33,5051,-0.23595,17088500000.0,-17361500000.0,-41615500.0,314760000.0,0.9976404999999999
34,5101,-1.251425,17806250000.0,-17681500000.0,-225075000.0,100312500.0,0.98748575
34,5151,-0.6297,17508500000.0,-17422000000.0,-113657000.0,27365750.0,0.993703
34,5201,0.544725,17413000000.0,-17487250000.0,92398750.0,-18135750.0,1.00544725
35,5251,0.34452499999999997,17214000000.0,-17518250000.0,60629250.0,243602750.0,1.00344525
35,5301,-0.092575,17070000000.0,-17090250000.0,-16587750.0,36815000.0,0.99907425
35,5351,0.48705,17182250000.0,-17262500000.0,81839500.0,-1840750.0,1.0048705
36,5401,0.5178499999999999,17172000000.0,-17422500000.0,90281250.0,159601000.0,1.0051785
36,5451,-0.9244,17295750000.0,-17511500000.0,-157645000.0,373282500.0,0.990756
36,5501,0.808,17149750000.0,-17248500000.0,141957000.0,-42872500.0,1.00808
37,5551,0.682875,16749250000.0,-16962500000.0,115947250.0,97417500.0,1.00682875
37,5601,2.104275,17218000000.0,-17449500000.0,362925000.0,-131876500.0,1.0210427499999999
37,5651,0.8885000000000001,17207250000.0,-17398000000.0,149131000.0,41624250.0,1.008885
38,5701,-0.774325,17186250000.0,-17272250000.0,-131368750.0,217430000.0,0.99225675
38,5751,0.1341,17181500000.0,-17401000000.0,24795975.0,195010000.0,1.001341
38,5801,0.568175,17329500000.0,-17589000000.0,98890750.0,160525000.0,1.00568175
39,5851,-0.740325,17191000000.0,-17271750000.0,-130001250.0,210753000.0,0.99259675
39,5901,0.43402499999999994,17132250000.0,-17351000000.0,72987000.0,145846875.0,1.00434025
39,5951,-0.32295,17022500000.0,-17204250000.0,-53094450.0,234393750.0,0.9967705
40,6001,-0.5453,17252750000.0,-17447500000.0,-93140050.0,288155000.0,0.9945470000000001
40,6051,-0.9093749999999999,17260750000.0,-17438500000.0,-157487500.0,335437500.0,0.99090625
40,6101,-1.0296,17333500000.0,-17280000000.0,-180850000.0,127289500.0,0.989704
41,6151,-1.06215,16767250000.0,-16965750000.0,-176535000.0,375087500.0,0.9893785
41,6201,0.181425,17402250000.0,-17558000000.0,32612750.0,123309000.0,1.00181425
41,6251,-0.12617499999999998,16890000000.0,-17059250000.0,-20928750.0,190098800.0,0.9987382499999999
42,6301,1.23475,17359250000.0,-17257750000.0,213962500.0,-315097500.0,1.0123475
42,6351,0.6046750000000001,16924000000.0,-17074250000.0,104498250.0,46108500.0,1.0060467499999999
42,6401,0.292825,17141750000.0,-17221750000.0,51177500.0,28993000.0,1.00292825
43,6451,-0.126,17367250000.0,-17361500000.0,-24391250.0,18757500.0,0.99874
43,6501,0.205475,17140750000.0,-17262000000.0,34416000.0,86826500.0,1.00205475
43,6551,0.17704999999999999,17276250000.0,-17494500000.0,32330500.0,185846550.0,1.0017705000000001
44,6601,-0.169075,17244250000.0,-17469750000.0,-34610000.0,260075000.0,0.9983092499999999
44,6651,0.0728,17115250000.0,-17068250000.0,11498925.0,-58402000.0,1.000728
44,6701,0.351075,17341250000.0,-17412250000.0,62635750.0,8251500.0,1.00351075
45,6751,0.44945,17337750000.0,-17180000000.0,80170250.0,-237913000.0,1.0044945
45,6801,0.445425,17083250000.0,-17231000000.0,73932250.0,74060500.0,1.00445425
45,6851,0.40647500000000003,16974500000.0,-17394750000.0,67932500.0,352142500.0,1.00406475
46,6901,1.08365,17007250000.0,-17103500000.0,178882250.0,-82627500.0,1.0108365
46,6951,-0.56335,17059750000.0,-17421500000.0,-95775550.0,457470000.0,0.9943665
46,7001,-1.79295,17336750000.0,-17319750000.0,-314500000.0,297728277.5,0.9820705
47,7051,-1.5772,17257250000.0,-17456500000.0,-273090000.0,472555000.0,0.984228
47,7101,-0.30117499999999997,17253250000.0,-17448250000.0,-53393000.0,248460750.0,0.99698825
47,7151,-0.8133750000000001,17184250000.0,-17244750000.0,-138434750.0,199085500.0,0.99186625
48,7201,0.926425,17248250000.0,-17412250000.0,158501750.0,5236000.0,1.00926425
48,7251,-0.11032500000000002,17085250000.0,-17538250000.0,-14329000.0,467272000.0,0.9988967499999999
48,7301,0.44937499999999997,17045000000.0,-17172000000.0,72873000.0,54069250.0,1.00449375
49,7351,0.232125,17329000000.0,-17368750000.0,39475550.0,466750.0,1.00232125
49,7401,-0.609,17259500000.0,-17315250000.0,-105518000.0,161533500.0,0.9939100000000001
49,7451,1.2141250000000001,17095500000.0,-17261250000.0,204722250.0,-39170500.0,1.01214125
50,7501,0.4325,17286000000.0,-17492500000.0,76716350.0,129817250.0,1.0043250000000001
50,7551,0.66715,17029000000.0,-17119750000.0,111848000.0,-21124425.0,1.0066715
50,7601,-0.350625,17143000000.0,-17261750000.0,-57866500.0,176729000.0,0.99649375
51,7651,-0.34335000000000004,17273750000.0,-17538750000.0,-59185500.0,324092000.0,0.9965664999999999
51,7701,-0.78535,17367250000.0,-17582000000.0,-135342500.0,349762500.0,0.9921465
51,7751,1.482825,17153750000.0,-17476250000.0,254855000.0,67659750.0,1.01482825
52,7801,0.549075,17063500000.0,-17378000000.0,90565750.0,224211500.0,1.00549075
52,7851,0.30205,17052250000.0,-17173250000.0,50892750.0,69897500.0,1.0030205
52,7901,0.645025,17100000000.0,-17181750000.0,107822500.0,-26085000.0,1.0064502499999999
53,7951,0.0617,17346500000.0,-17424750000.0,13086475.0,65281250.0,1.000617
53,8001,-0.936175,17071250000.0,-17244000000.0,-158207750.0,331247500.0,0.99063825
53,8051,-0.21082499999999998,17054250000.0,-17235750000.0,-35817000.0,217549000.0,0.99789175
54,8101,0.42874999999999996,17189750000.0,-17255500000.0,71494725.0,-5806000.0,1.0042875
54,8151,0.84345,16937250000.0,-17083500000.0,142685250.0,3598250.0,1.0084345
54,8201,0.24357499999999999,17254000000.0,-17552500000.0,46958625.0,251527500.0,1.00243575
55,8251,-0.040275,17831250000.0,-17693000000.0,-8195000.0,-130043250.0,0.99959725
55,8301,0.163875,17107750000.0,-17383000000.0,30593500.0,244720250.0,1.0016387500000001
55,8351,0.06839999999999999,17053750000.0,-17204000000.0,12569750.0,137856750.0,1.0006840000000001
56,8401,2.331975,16992750000.0,-17120500000.0,393262500.0,-265840000.0,1.02331975
56,8451,-0.227925,17080250000.0,-17151500000.0,-40124175.0,111879500.0,0.9977207499999999
56,8501,0.7471,17306000000.0,-17400250000.0,129001500.0,-34696500.0,1.007471
57,8551,1.167075,17138500000.0,-17380000000.0,200327500.0,41107500.0,1.01167075
57,8601,0.491025,16821000000.0,-16887250000.0,80785500.0,-14761000.0,1.00491025
57,8651,-0.464025,17218750000.0,-17405000000.0,-82502550.0,268647500.0,0.9953597500000001
58,8701,-0.3971,17374750000.0,-17582000000.0,-72309250.0,279460000.0,0.996029
58,8751,1.48965,16991250000.0,-17088000000.0,247522500.0,-150476500.0,1.0148965
58,8801,-0.474525,16889250000.0,-17097000000.0,-77623500.0,285629250.0,0.99525475
59,8851,-0.27025,17119500000.0,-17274000000.0,-48646000.0,203145000.0,0.9972975
59,8901,0.375275,16885250000.0,-17115250000.0,62848075.0,167470525.0,1.0037527499999999
59,8951,-0.4893,17217750000.0,-17401750000.0,-86295250.0,270336812.5,0.995107
60,9001,-0.353275,17227750000.0,-17476750000.0,-61553250.0,310461250.0,0.99646725
60,9051,-0.62505,17171750000.0,-17307250000.0,-108635000.0,244106500.0,0.9937495000000001
60,9101,-0.015,17318000000.0,-17509000000.0,-5679775.0,196901250.0,0.99985
61,9151,-1.5321500000000001,17174250000.0,-17283250000.0,-263480000.0,372400000.0,0.9846785
61,9201,-0.4994,17066750000.0,-17185250000.0,-86739750.0,205300500.0,0.995006
61,9251,-0.7119,17258000000.0,-17390250000.0,-123487000.0,255920000.0,0.992881
62,9301,-0.077425,17156250000.0,-17401750000.0,-15674950.0,260897500.0,0.99922575
62,9351,-0.387825,17184750000.0,-17400000000.0,-67167500.0,282472500.0,0.9961217499999999
62,9401,-1.592,17126500000.0,-17491750000.0,-271387500.0,636738750.0,0.9840800000000001
63,9451,-0.12905,17358250000.0,-17509250000.0,-23908675.0,175083075.0,0.9987094999999999
63,9501,0.44037499999999996,17149500000.0,-17413750000.0,75746250.0,188546750.0,1.00440375
63,9551,-0.027725,17224750000.0,-17104000000.0,-6787000.0,-114077750.0,0.99972275
64,9601,0.732375,17181000000.0,-17282500000.0,125262000.0,-23955000.0,1.00732375
64,9651,0.2041,17371000000.0,-17337000000.0,35614650.0,-69873750.0,1.002041
64,9701,0.20329999999999998,17266500000.0,-17475000000.0,31339750.0,177080250.0,1.002033
65,9751,-0.430075,17197750000.0,-17362500000.0,-75874500.0,240864250.0,0.99569925
65,9801,0.836925,17038500000.0,-17254750000.0,142200750.0,73985525.0,1.0083692499999999
65,9851,0.482675,17115250000.0,-17214250000.0,83158500.0,16302000.0,1.00482675
66,9901,0.19542500000000002,17549250000.0,-17395750000.0,32650000.0,-186452500.0,1.00195425
66,9951,-1.0025249999999999,17119000000.0,-17244000000.0,-171885000.0,296715000.0,0.98997475
66,10001,1.010275,17223000000.0,-17488000000.0,171925000.0,92709775.0,1.01010275
67,10051,-0.941775,17483750000.0,-17524000000.0,-164432500.0,204691500.0,0.99058225
67,10101,-0.319375,17031500000.0,-17123250000.0,-56519425.0,148380000.0,0.99680625
67,10151,-0.19117500000000004,17121000000.0,-17224750000.0,-35807250.0,139768750.0,0.99808825
68,10201,-0.57995,17248500000.0,-17335000000.0,-100873250.0,187477500.0,0.9942005
68,10251,-0.31295,17163750000.0,-17533500000.0,-53842250.0,423544500.0,0.9968705
68,10301,-0.579475,17190500000.0,-17377250000.0,-99646000.0,286345500.0,0.99420525
69,10351,0.37115,17092750000.0,-17124250000.0,62173750.0,-30847500.0,1.0037115
69,10401,0.85355,17119500000.0,-17466500000.0,147086000.0,199763500.0,1.0085355
69,10451,0.210925,17054500000.0,-17293000000.0,37715825.0,200639750.0,1.00210925
70,10501,-1.267425,17573250000.0,-17439250000.0,-223525000.0,89140500.0,0.98732575
70,10551,0.841025,17837500000.0,-18289000000.0,150172500.0,301352500.0,1.00841025
70,10601,1.7099,17084500000.0,-17261750000.0,292105000.0,-114892500.0,1.017099
71,10651,-0.950575,17156750000.0,-17291250000.0,-161745000.0,296282500.0,0.99049425
71,10701,1.179425,16983500000.0,-17131500000.0,199280000.0,-51571550.0,1.01179425
71,10751,0.97685,17001750000.0,-17365000000.0,165226750.0,197871000.0,1.0097684999999998
72,10801,-1.0186250000000001,17040750000.0,-17333500000.0,-174295000.0,467222500.0,0.9898137499999999
72,10851,-1.4223,17033750000.0,-17026750000.0,-243115000.0,236077000.0,0.985777
72,10901,-1.742025,17262250000.0,-17300750000.0,-303200000.0,342077500.0,0.98257975
73,10951,2.1805250000000003,17169500000.0,-17284750000.0,374755000.0,-259611500.0,1.0218052499999999
73,11001,-0.845925,17384000000.0,-17440000000.0,-148597250.0,205029500.0,0.99154075
73,11051,-0.4714,17403000000.0,-17492500000.0,-80309750.0,169997750.0,0.995286
74,11101,-0.5681,17327250000.0,-17442500000.0,-96677250.0,211631900.0,0.994319
74,11151,-0.32865,18016000000.0,-18255750000.0,-58629000.0,298515000.0,0.9967135
74,11201,-1.005475,17352000000.0,-17240000000.0,-175362500.0,63207775.0,0.98994525
75,11251,-0.7160500000000001,17115250000.0,-17266750000.0,-122757500.0,274174500.0,0.9928395
75,11301,-0.377475,17091250000.0,-17307750000.0,-66294250.0,282912500.0,0.99622525
75,11351,-0.03245000000000002,17107500000.0,-17259500000.0,-5110500.0,157584750.0,0.9996754999999999
76,11401,-0.542675,17182750000.0,-17338500000.0,-93624250.0,249717500.0,0.99457325
76,11451,0.4507,17126500000.0,-17349000000.0,76156000.0,146780025.0,1.004507
76,11501,-0.04549999999999999,17156250000.0,-17322000000.0,-9898000.0,175350250.0,0.999545
77,11551,-1.47915,17182000000.0,-17379250000.0,-254377500.0,451375000.0,0.9852084999999999
77,11601,-0.70145,17137000000.0,-17304250000.0,-120926000.0,288125000.0,0.9929855
77,11651,-0.6115,17184000000.0,-17230250000.0,-106904250.0,153127500.0,0.993885
78,11701,-0.735575,17183500000.0,-17304250000.0,-126614500.0,247043000.0,0.99264425
78,11751,0.5333,17135500000.0,-17210250000.0,90194500.0,-15240350.0,1.005333
78,11801,0.119125,17171500000.0,-17250000000.0,17491525.0,60940500.0,1.00119125
79,11851,-0.4762,17145000000.0,-17272750000.0,-81468500.0,209194250.0,0.9952380000000001
79,11901,-0.067375,17084750000.0,-17114500000.0,-13163215.0,42752000.0,0.99932625
79,11951,-1.963075,17182250000.0,-17151250000.0,-338295000.0,307460000.0,0.98036925
80,12001,-1.7027,17564500000.0,-17390500000.0,-299627500.0,125582250.0,0.982973
80,12051,0.8258749999999999,17185500000.0,-17547500000.0,139836250.0,222042750.0,1.00825875
80,12101,0.7548,17112500000.0,-17262500000.0,128767750.0,21063000.0,1.0075479999999999
81,12151,1.978875,17127000000.0,-17328250000.0,339582500.0,-138385000.0,1.01978875
81,12201,0.469775,17153250000.0,-17284250000.0,78564602.5,52380000.0,1.00469775
81,12251,-0.2998,17191250000.0,-17189750000.0,-53407250.0,51860250.0,0.997002
82,12301,-0.8427,17359250000.0,-17499750000.0,-147251500.0,288107000.0,0.991573
82,12351,1.07115,18070500000.0,-18266250000.0,193715000.0,1980000.0,1.0107115
82,12401,0.926925,17111000000.0,-17491750000.0,158247500.0,222555000.0,1.00926925
83,12451,1.7872249999999998,17089000000.0,-17130000000.0,304377500.0,-263022500.0,1.01787225
83,12501,0.8928,17948750000.0,-18277750000.0,160140000.0,168777500.0,1.008928
83,12551,-0.9683999999999999,17198500000.0,-17287250000.0,-165355000.0,254320000.0,0.990316
84,12601,1.01925,17203750000.0,-17298750000.0,176285000.0,-81324750.0,1.0101925
84,12651,0.047375,17205250000.0,-17446750000.0,8608775.0,232557500.0,1.00047375
84,12701,0.1467,17154000000.0,-17289000000.0,25957290.0,108958250.0,1.0014669999999999
85,12751,0.19974999999999998,17426750000.0,-17397500000.0,32296475.0,-61457500.0,1.0019975
85,12801,-0.238325,17994000000.0,-18277250000.0,-42894250.0,326490000.0,0.9976167499999999
